config_name,model_name,batch_size,num_epochs,learning_rate,learning_rate_step_size,learning_rate_decay_factor,min_learning_rate,regularization_loss_weight,dropout_prob,adam_weight_decay,augment_training_data,num_points,batch_norm_init_decay,batch_norm_decay_rate,batch_norm_decay_step,batch_norm_decay_clip,best_test_accuracy
ModelNet40_bs32_ep250_lr0.001_schedS200000_schedD0.7_reg0.001_drop0.3_wd0.0_aug1_pts1024_bnID0.5_bnDR0.5_bnDS200000_bnDC0.99,ModelNet40,32,250,0.001,200000,0.7,0,0.001,0.3,0.0,1,1024,0.5,0.5,200000,0.99,85.08914100486223
ModelNet40_bs16_ep250_lr0.001_schedS200000_schedD0.7_reg0.001_drop0.3_wd0.0_aug1_pts1024_bnID0.5_bnDR0.5_bnDS200000_bnDC0.99,ModelNet40,16,250,0.001,200000,0.7,0,0.001,0.3,0.0,1,1024,0.5,0.5,200000,0.99,85.53484602917342
ModelNet40_bs64_ep250_lr0.001_schedS200000_schedD0.7_reg0.001_drop0.3_wd0.0_aug1_pts1024_bnID0.5_bnDR0.5_bnDS200000_bnDC0.99,ModelNet40,64,250,0.001,200000,0.7,0,0.001,0.3,0.0,1,1024,0.5,0.5,200000,0.99,84.52188006482983
ModelNet40_bs32_ep250_lr0.01_schedS200000_schedD0.7_reg0.001_drop0.3_wd0.0_aug1_pts1024_bnID0.5_bnDR0.5_bnDS200000_bnDC0.99,ModelNet40,32,250,0.01,200000,0.7,0,0.001,0.3,0.0,1,1024,0.5,0.5,200000,0.99,84.3192868719611
ModelNet40_bs32_ep250_lr0.0001_schedS200000_schedD0.7_reg0.001_drop0.3_wd0.0_aug1_pts1024_bnID0.5_bnDR0.5_bnDS200000_bnDC0.99,ModelNet40,32,250,0.0001,200000,0.7,0,0.001,0.3,0.0,1,1024,0.5,0.5,200000,0.99,83.87358184764992
ModelNet40_bs32_ep250_lr0.001_schedS200000_schedD0.7_reg0.001_drop0_wd0.0_aug1_pts1024_bnID0.5_bnDR0.5_bnDS200000_bnDC0.99,ModelNet40,32,250,0.001,200000,0.7,0,0.001,0,0.0,1,1024,0.5,0.5,200000,0.99,85.6969205834684
ModelNet40_bs32_ep250_lr0.001_schedS200000_schedD0.7_reg0.001_drop0.6_wd0.0_aug1_pts1024_bnID0.5_bnDR0.5_bnDS200000_bnDC0.99,ModelNet40,32,250,0.001,200000,0.7,0,0.001,0.6,0.0,1,1024,0.5,0.5,200000,0.99,86.06158833063209
ModelNet40_bs32_ep250_lr0.001_schedS200000_schedD0.7_reg0.001_drop0.3_wd0.0_aug0_pts1024_bnID0.5_bnDR0.5_bnDS200000_bnDC0.99,ModelNet40,32,250,0.001,200000,0.7,0,0.001,0.3,0.0,0,1024,0.5,0.5,200000,0.99,89.26256077795786
