epoch,train_loss,val_loss,train_acc,val_acc
1,1.5683338064144978,1.542201702060416,0.4607867702330243,0.3931718061674009
