config_name,model_name,batch_size,num_epochs,learning_rate,learning_rate_step_size,learning_rate_decay_factor,min_learning_rate,regularization_loss_weight,dropout_prob,adam_weight_decay,augment_training_data,num_points,batch_norm_init_decay,batch_norm_decay_rate,batch_norm_decay_step,batch_norm_decay_clip,best_test_accuracy
ModelNet10_bs32_ep250_lr0.001_schedS200000_schedD0.7_reg0.001_drop0.3_wd0.0_aug1_pts1024_bnID0.5_bnDR0.5_bnDS200000_bnDC0.99,ModelNet10,32,250,0.001,200000,0.7,0,0.001,0.3,0.0,1,1024,0.5,0.5,200000,0.99,91.18942731277532
ModelNet10_bs16_ep250_lr0.001_schedS200000_schedD0.7_reg0.001_drop0.3_wd0.0_aug1_pts1024_bnID0.5_bnDR0.5_bnDS200000_bnDC0.99,ModelNet10,16,250,0.001,200000,0.7,0,0.001,0.3,0.0,1,1024,0.5,0.5,200000,0.99,91.85022026431719
ModelNet10_bs64_ep250_lr0.001_schedS200000_schedD0.7_reg0.001_drop0.3_wd0.0_aug1_pts1024_bnID0.5_bnDR0.5_bnDS200000_bnDC0.99,ModelNet10,64,250,0.001,200000,0.7,0,0.001,0.3,0.0,1,1024,0.5,0.5,200000,0.99,91.18942731277532
ModelNet10_bs32_ep250_lr0.01_schedS200000_schedD0.7_reg0.001_drop0.3_wd0.0_aug1_pts1024_bnID0.5_bnDR0.5_bnDS200000_bnDC0.99,ModelNet10,32,250,0.01,200000,0.7,0,0.001,0.3,0.0,1,1024,0.5,0.5,200000,0.99,91.85022026431719
ModelNet10_bs32_ep250_lr0.0001_schedS200000_schedD0.7_reg0.001_drop0.3_wd0.0_aug1_pts1024_bnID0.5_bnDR0.5_bnDS200000_bnDC0.99,ModelNet10,32,250,0.0001,200000,0.7,0,0.001,0.3,0.0,1,1024,0.5,0.5,200000,0.99,91.85022026431719
ModelNet10_bs32_ep250_lr0.001_schedS200000_schedD0.7_reg0.001_drop0_wd0.0_aug1_pts1024_bnID0.5_bnDR0.5_bnDS200000_bnDC0.99,ModelNet10,32,250,0.001,200000,0.7,0,0.001,0,0.0,1,1024,0.5,0.5,200000,0.99,91.07929515418502
ModelNet10_bs32_ep250_lr0.001_schedS200000_schedD0.7_reg0.001_drop0.6_wd0.0_aug1_pts1024_bnID0.5_bnDR0.5_bnDS200000_bnDC0.99,ModelNet10,32,250,0.001,200000,0.7,0,0.001,0.6,0.0,1,1024,0.5,0.5,200000,0.99,91.74008810572687
ModelNet10_bs32_ep250_lr0.001_schedS200000_schedD0.7_reg0.001_drop0.3_wd0.0_aug0_pts1024_bnID0.5_bnDR0.5_bnDS200000_bnDC0.99,ModelNet10,32,250,0.001,200000,0.7,0,0.001,0.3,0.0,0,1024,0.5,0.5,200000,0.99,92.84140969162996
